,place,subreddit
0,New England,/r/newengland
1,Alabama,/r/alabama
2,Auburn,/r/auburn
3,Baldwin County,/r/baldwincountyal
4,Birmingham,/r/birmingham
5,Blountsville,/r/blountsville
6,Calhoun County,/r/CalhounCounty
7,Cullman,/r/Cullman
8,Dothan,/r/dothan
9,Fairhope,/r/fairhopeAlabama
10,Fayette County,/r/FayetteCounty
11,Florence,/r/florenceal
12,Gadsden,/r/gadsden
13,Gordo,/r/gordo
14,Greenville,/r/greenvilleal
15,Gulf Shores,/r/gulfshores
16,Hoover,/r/cityofhoover
17,Huntsville,/r/huntsvillealabama
18,Jacksonville,/r/JacksonvilleAL
19,Madison,/r/Madisonalabama
20,Marshall County,/r/marshallcountyal
21,Mobile,/r/mobileal
22,Montgomery,/r/montgomery
23,Mountain Brook,/r/mountainbrook
24,Oxford,/r/OxfordAL
25,Prattville,/r/prattville
26,Selma,/r/selma
27,Shoals,/r/shoals
28,Sylacauga,/r/sylacauga
29,Talladega,/r/talladega
30,Thomasville,/r/ThomasvilleAL
31,Trussville,/r/Trussville
32,Tuscaloosa,/r/tuscaloosa
33,Vestavia,/r/vestavia
34,Vestavia Hills,/r/vestaviahills
35,Alaska,/r/alaska
36,Aleutian Islands,/r/AleutianIslands
37,Anchorage,/r/Anchorage
38,Barrow,/r/BarrowAK
39,Bethel,/r/BethelAK
40,Cordova,/r/Cordova
41,Fairbanks,/r/fairbanks
42,Homer,/r/homerAK
43,Homer Area,/r/CosmicHamlet
44,Juneau,/r/juneau
45,Kenai Peninsula,/r/KenaiPeninsula
46,Ketchikan,/r/ketchikan
47,Kodiak,/r/kodiak
48,Little Diomede,/r/diomede
49,Matsu Valley,/r/MatSu
50,Nome,/r/nome
51,Seward,/r/Seward
52,Sitka,/r/Sitka
53,Skagway,/r/skagway
54,Spenard,/r/spenardak
55,talkeetna,/r/Talkeetna
56,Valdez,/r/valdez
57,Wasilla,/r/Wasilla
58,Arizona,/r/arizona
59,Anthem,/r/anthem
60,Bisbee,/r/bisbee
61,Casa Grande,/r/casagrandearizona
62,Chandler,/r/chandleraz
63,Cochise County,/r/cochise
64,Flagstaff,/r/flagstaff
65,Fountain Hills,/r/fountainhills
66,Gilbert,/r/Gilbert
67,Gilbert,/r/GilbertArizona
68,Grand Canyon National Park,/r/grandcanyon
69,Goodyear,/r/GoodyearAZ
70,Heber-Overgaard,/r/heberovergaard
71,Kingman,/r/kingman
72,Lake Havasu City,/r/lakehavasucity
73,Lake Havasu City AZ,/r/LakeHavasuCityAZ
74,Marana,/r/Marana
75,Maricopa,/r/maricopa
76,Mesa,/r/mesaaz
77,Mohave County,/r/mohavecounty
78,New River,/r/NewRiver
79,Nogales,/r/Nogales
80,Payson,/r/payson
81,Phoenix,/r/phoenix
82,Phoenix AZ,/r/phoenixaz
83,Phoenix (PHX),/r/phx
84,Prescott,/r/prescott
85,Queen Creek,/r/queencreek
86,San Tan Valley,/r/santanvalley
87,Scottsdale,/r/scottsdale
88,Sedona,/r/sedona
89,Sierra Vista,/r/sierravista
90,Sonoita,/r/sonoita
91,Surprise,/r/surpriseaz
92,Tempe,/r/tempe
93,Tombstone,/r/Tombstone
94,Tucson,/r/tucson
95,Yuma,/r/yuma
96,Arkansas,/r/arkansas
97,Natural State,/r/naturalstate
98,Alma,/r/almaarkansas
99,Bentonville,/r/bentonville
100,Buffalo River,/r/buffaloriver
101,Conway,/r/conwayar
102,Eureka Springs,/r/eurekasprings
103,Fayetteville,/r/fayetteville
104,Fayetteville AR,/r/FayettevilleAr
105,Fort Smith,/r/fortsmith
106,Hot Springs,/r/hotsprings
107,Jonesboro,/r/jonesboro
108,Little Rock,/r/littlerock
109,Malvern,/r/malvern
110,Maumelle,/r/maumelle
111,Mountain Home,/r/Mountainhomearkansas
112,Northwest Arkansas,/r/northwestarkansas
113,Northwest Arkansas (NWA),/r/NWAReddit
114,Pine Bluff,/r/pinebluff
115,Texarkana,/r/texarkana
116,Vilonia,/r/Vilonia
117,California,/r/california
118,Golden State,/r/Golden_State
119,Northern California,/r/norcal
120,Northern California (NCAL),/r/NCAL
121,Alameda,/r/alameda
122,Albany,/r/albanyca
123,American Canyon,/r/americancanyon
124,Arcata,/r/arcata
125,Auburn,/r/auburnca
126,Auburn Lake Trails,/r/auburnlaketrails
127,Bay Area,/r/BayArea
128,Belmont,/r/belmontca
129,Benicia,/r/benicia
130,Berkeley CA,/r/berkeleyca
131,Bonny Doon,/r/BonnydoonCA
132,Boulder Creek,/r/BoulderCreek
133,Burlingame,/r/burlingame
134,Calistoga,/r/calistoga
135,Campbell,/r/Campbell
136,Carmel,/r/carmelbythesea
137,Carmel Valley,/r/CarmelValley
138,Castro,/r/Castro
139,Chico,/r/ChicoCA
140,Citrus Heights,/r/citrusheights
141,Crockett,/r/crockett
142,Danville,/r/Danville
143,Davis,/r/davisca
144,East Bay,/r/eastbay
145,Elk Grove,/r/elkgrove
146,Emeryville,/r/Emeryville
147,Fair Oaks,/r/fairoaks
148,Fairfield,/r/fairfieldCA
149,Folsom,/r/folsom
150,Foresthill,/r/Foresthill
151,Fort Bragg,/r/FortBraggCA
152,Fremont,/r/fremont
153,Gilroy,/r/Gilroy
154,Grass Valley,/r/grassvalley
155,Greenville,/r/greenvilleca
156,Hayward,/r/Hayward
157,Humboldt,/r/humboldt
158,Humboldt County,/r/HumboldtCounty
159,Kings Beach,/r/kingsbeach
160,Lafayette,/r/LafayetteCA
161,Lagunitas,/r/lagunitas
162,Lake County CA,/r/LakeCountyCa
163,Lake Tahoe,/r/laketahoe
164,Lake Tahoe North,/r/northlaketahoe
165,Lake Tahoe South,/r/southlaketahoe
166,Lincoln,/r/lincolnca
167,Livermore,/r/Livermore
168,Los Gatos CA,/r/losgatoscalifornia
169,Manteca,/r/manteca
170,Marin County,/r/marin
171,Mendocino,/r/Mendocino
172,Mendocino Coast,/r/mendocinocoast
173,Menlo,/r/InMenlo
174,Menlo Park,/r/menlopark
175,Mill Valley,/r/MillValley
176,Millbrae,/r/millbrae
177,Monta Loma,/r/mln
178,Montara,/r/Montara
179,Monterey Bay,/r/MontereyBay
180,Moraga,/r/moraga
181,Morgan Hill,/r/morganhill
182,Muir Woods,/r/MuirWoods
183,Napa,/r/napa
184,Napa Valley,/r/napavalley
185,Nevada City,/r/nevadacity
186,Nevada County,/r/nevadacounty
187,Newark,/r/NewarkCA
188,Novato,/r/novato
189,Oakland,/r/oakland
190,Orangevale,/r/orangevale
191,Orick,/r/Orick
192,Orinda,/r/orinda
193,Pacific Grove,/r/pacificgrove
194,Pacifica,/r/pacifica
195,Palo Alto,/r/paloalto
196,Petaluma,/r/petaluma
197,Petaluma CA,/r/petalumaca
198,Piedmont,/r/piedmont
199,Placerville,/r/placerville
200,Pleasanton,/r/pleasanton
201,Redding,/r/Redding
202,Redwood City,/r/RedwoodCity
203,Richmond,/r/RichmondCA
204,Roseville,/r/Roseville
205,Sacramento,/r/Sacramento
206,San Anselmo,/r/SanAnselmo
207,San Carlos,/r/SanCarlos
208,San Francisco,/r/SanFrancisco
209,San Francisco County,/r/SanFranciscoCounty
210,San Jose,/r/SanJose
211,San Leandro,/r/sanleandro
212,San Mateo,/r/sanmateo
213,Santa Clara,/r/santaclara
214,Santa Cruz,/r/SantaCruz
215,Santa Cruz (locals),/r/SantaCruzLocals
216,Santa Rosa,/r/santarosa
217,Sausalito,/r/sausalito
218,Scotia,/r/scotia
219,Scotts Valley,/r/ScottsValley
220,Sebastopol,/r/sebastopol
221,SF Mission District,/r/sfmission
222,Silicon Valley,/r/siliconvalley
223,Solano County,/r/solanocounty
224,Sonoma,/r/sonoma
225,Sonoma County,/r/sonomacounty
226,South San Francisco,/r/SouthSanFrancisco
227,Sunnyvale,/r/sunnyvale
228,Tahoe,/r/tahoe
229,Tehama County,/r/TehamaCounty
230,Truckee,/r/truckee
231,Ukiah,/r/ukiah
232,Union City,/r/unioncity
233,Vacaville,/r/vacaville
234,Walnut Creek,/r/walnutcreek
235,Watsonville,/r/Watsonville
236,West Oakland,/r/westoakland
237,West Sacramento,/r/westsacramento
238,Willow Glen,/r/WillowGlen
239,Windsor,/r/WindsorCalifornia
240,Woodland,/r/Woodland
241,Yolo County,/r/yolocounty
242,Central Coast,/r/centralcoast
243,Atascadero,/r/atascadero
244,Bakersfield,/r/Bakersfield
245,Bakersfield CA,/r/BakersfieldCA
246,Big Sur,/r/bigsur
247,Bishop,/r/Bishop
248,Cambria,/r/cambria
249,Cayucos,/r/cayucos
250,Central Valley,/r/centralvalley
251,Ceres,/r/ceres
252,Coalinga,/r/coalinga
253,Death Valley National Park,/r/DeathValleyNP
254,Eastern Sierra,/r/easternsierra
255,Farmersville,/r/Farmersville
256,Fresno,/r/Fresno
257,Hanford,/r/Hanford
258,Lodi,/r/lodi
259,Lompoc,/r/lompoc
260,Madera,/r/Madera
261,Mammoth Mountain,/r/mammothmountain
262,Mariposa,/r/Mariposa
263,Merced,/r/Merced
264,Modesto,/r/Modesto
265,Morro Bay,/r/morrobay
266,Oakdale,/r/Oakdale
267,Oildale,/r/Oildale
268,Paso Robles,/r/elpasoderobles
269,Pismo Beach,/r/pismo
270,Porterville,/r/porterville
271,Salida,/r/Salida
272,Salinas,/r/salinas
273,San Luis Obispo,/r/slo
274,Santa Maria,/r/SantaMaria
275,Sequoia &amp; Kings Canyon National Parks,/r/SEKI
276,Shafter,/r/shafter
277,Sonora,/r/sonoraca
278,Taft,/r/taft
279,Vacaville,/r/vacaville
280,Visalia,/r/Visalia
281,Yosemite National Park,/r/yosemite
282,Southern California (SolCal),/r/socal
283,Southern California,/r/southerncalifornia
284,Southland,/r/Southland
285,Agoura Hills,/r/agourahills
286,Alhambra,/r/alhambra
287,Altadena,/r/altadena
288,Anaheim,/r/Anaheim
289,Antelope Valley,/r/antelopevalley
290,Anza Borrego Desert State Park,/r/anzaborrego
291,Atwater Village,/r/AtwaterVillage
292,Beaumont,/r/BeaumontCa
293,Belmont Shore,/r/belmontshore
294,Beverly Hills,/r/beverlyhills
295,Big Bear,/r/BigBear
296,Bloomington,/r/Bloomington_Ca
297,Brea,/r/Brea
298,Buena Park,/r/BuenaPark
299,Burbank,/r/burbank
300,Calabasas,/r/calabasas
301,Camarillo,/r/Camarillo
302,Canoga Park,/r/canogapark
303,Carlsbad,/r/carlsbad
304,Carlsbad CA,/r/carlsbadca
305,Carpinteria,/r/carpinteria
306,Carson,/r/CarsonCA
307,Chula Vista,/r/ChulaVista
308,Claremont,/r/Claremont
309,Coachella Valley,/r/CoachellaValley
310,Compton,/r/compton
311,Conejo Valley,/r/ConejoValley
312,Corona,/r/Corona
313,Covina,/r/covina
314,Culver City,/r/culvercity
315,Dana Point,/r/danapoint
316,Diamond Bar,/r/diamondbar
317,Eagle Rock,/r/eaglerock
318,East County,/r/EastCounty
319,East Los Angeles,/r/eastla
320,Eastvale,/r/eastvale
321,Echo Park,/r/EchoPark
322,Edwards Air Force Base,/r/EdwardsAFB
323,El Segundo,/r/ElSegundo
324,Escondido,/r/escondido
325,Fountain Valley,/r/fountainvalley
326,Fullerton,/r/Fullerton
327,Glamis,/r/glamis
328,Glendale,/r/glendale
329,Goleta,/r/goleta
330,Granada Hills,/r/GranadaHills
331,Hacienda Heights,/r/HaciendaHeights
332,High Desert,/r/HighDesert
333,Highland,/r/Highland
334,Hollywood,/r/HollywoodCA
335,Huntington Beach,/r/HuntingtonBeach
336,Imperial Valley,/r/imperialvalley
337,Indio,/r/indio
338,Inland Empire,/r/InlandEmpire
339,Irvine,/r/Irvine
340,Isla Vista,/r/islavista
341,Jamul,/r/Jamul
342,Joshua Tree National Park,/r/joshuatree
343,Kern Valley,/r/kernvalley
344,La Habra,/r/lahabra
345,La Habra CA,/r/LaHabraCA
346,La Jolla,/r/lajolla
347,La Mesa,/r/lamesa
348,La Puente,/r/LaPuente
349,La Verne,/r/laverne
350,Ladera Ranch,/r/LaderaRanch
351,Lakewood,/r/Lakewood_CA
352,Long Beach,/r/LongBeach
353,Los Angeles,/r/LosAngeles
354,Los Angeles Downtown,/r/dtla
355,Los Angeles Westside,/r/LAWestside
356,"Los Angeles, city of",/r/cityofla
357,Lynwood,/r/lynwood
358,Malibu,/r/malibu
359,Manhattan Beach,/r/ManhattanBeach
360,Marina Del Rey,/r/marinadelrey
361,Mission Beach,/r/missionbeach
362,Mission Viejo,/r/missionviejo
363,Mojave,/r/mojave
364,Mojave National Park,/r/MojaveNP
365,Monrovia,/r/monrovia
366,Monterey Park,/r/montereypark
367,Moreno Valley,/r/MorenoValley
368,National City,/r/nationalcity
369,Newport Beach,/r/newportbeach
370,North County,/r/northcounty
371,North Hollywood,/r/northhollywood
372,North Hollywood (NoHo),/r/noho
373,Northeast Los Angeles,/r/NortheastLA
374,Norwalk,/r/norwalkca
375,Oceanside,/r/oceanside
376,Ojai,/r/ojai
377,Orange County,/r/OrangeCounty
378,Oxnard,/r/oxnard
379,Pacific Palisades,/r/PacificPalisades
380,Palm Springs,/r/palmsprings
381,Palmdale,/r/palmdale
382,Palos Verdes,/r/palosverdes
383,Pasadena,/r/Pasadena
384,Poway,/r/poway
385,Rancho Santa Margarita,/r/ranchosantamargarita
386,Redlands,/r/Redlands
387,Redondo Beach,/r/redondobeach
388,Reseda,/r/Reseda
389,Rialto,/r/rialto
390,Ridgecrest,/r/Ridgecrest
391,Riverside,/r/CityofRiverside
392,Riverside,/r/riverside
393,Riverside County,/r/RiversideCounty
394,Rowland Heights,/r/RowlandHeights
395,Salton Sea,/r/saltonsea
396,San Bernardino,/r/SanBernardino
397,San Bernardino (909),/r/909
398,San Bernardino County,/r/SanBernardinoCounty
399,San Clemente,/r/SanClemente
400,San Diego,/r/SanDiego
401,San Dimas,/r/sandimas
402,San Fernando Valley,/r/SFV
403,San Gabriel,/r/sangabriel
404,San Gabriel Valley,/r/sgv
405,San Juan Capistrano,/r/sanjuancapistrano
406,San Marcos,/r/sanmarcosca
407,San Pedro,/r/sanpedro
408,Santa Ana,/r/santaana
409,Santa Barbara,/r/SantaBarbara
410,Santa Clarita,/r/santaclarita
411,Santa Clarita Valley,/r/SantaClaritaValley
412,Santa Monica,/r/Santamonica
413,Santa Monica Mountains,/r/SantaMonicaMountains
414,Santee,/r/santee
415,Seal Beach,/r/SealBeach
416,Signal Hill,/r/Signalhill
417,Silverlake,/r/Silverlake
418,Simi Valley,/r/simivalley
419,South Bay,/r/SouthBayLA
420,South Pasadena,/r/southpasadena
421,Tehachapi,/r/Tehachapi
422,Temecula,/r/temecula
423,Temple City,/r/templecity
424,Thousand Oaks,/r/thousandoaks
425,Torrance,/r/torrance
426,Tustin,/r/tustin
427,Tustin CA,/r/tustinca
428,Upland,/r/upland
429,Venice,/r/venice
430,Ventura,/r/Ventura
431,Ventura County,/r/venturacounty
432,Walnut,/r/Walnut
433,West Hollywood,/r/westhollywood
434,West Hollywood (WeHo),/r/weho
435,Whittier,/r/Whittier
436,Wrightwood,/r/wrightwood
437,Yorba Linda,/r/YorbaLinda
438,Yucaipa,/r/yucaipa
439,Colorado,/r/colorado
440,Arvada,/r/Arvada
441,Aspen,/r/Aspen
442,Aurora,/r/auroraco
443,Beaver Creek,/r/beavercreek
444,Breckenridge,/r/Breckenridge
445,Broomfield,/r/Broomfield
446,Boulder,/r/boulder
447,Castle Rock,/r/castlerock
448,Colorado Springs,/r/coloradosprings
449,Cortez,/r/Cortez
450,Denver,/r/denver
451,Denver (MileHighCity),/r/MileHighCity
452,Denver West,/r/denverwest
453,Durango,/r/durango
454,Eagle,/r/EagleColorado
455,Erie CO,/r/ErieCO
456,Estes Park,/r/estespark
457,Fort Collins,/r/fortcollins
458,Fort Collins (FoCo),/r/foco
459,Fruita,/r/fruita
460,Golden,/r/GoldenCO
461,Grand Junction,/r/grandjunction
462,Grand Junction CO,/r/grandjunctionco
463,Grand Lake,/r/grandlake
464,Greeley,/r/Greeley
465,Gunnison County,/r/gunnison
466,Kremmling,/r/Kremmling
467,La Junta,/r/La_Junta
468,Leadville,/r/PBville
469,Littleton,/r/Littleton
470,Longmont,/r/longmont
471,Louisville CO,/r/LouisvilleCO
472,Louisville,/r/LouisvilleColorado
473,Loveland,/r/loveland
474,Lyons,/r/lyons
475,Manitou Springs,/r/manitousprings
476,North Colorado,/r/North_Colorado
477,Northen Colorado,/r/NoCo
478,Pueblo,/r/pueblo
479,Roaring Fork,/r/roaringfork
480,Rocky Mountain National Park,/r/RMNP
481,San Luis Valley,/r/SLV
482,Summit County,/r/summit
483,Thornton Westminster Northglenn,/r/twn
484,Trinidad,/r/trinidadco
485,Vail,/r/vail
486,Western Colorado,/r/westerncolorado
487,Connecticut,/r/connecticut
488,Bridgeport,/r/BridgeportCT
489,Broad Brook,/r/BroadBrookCT
490,Danbury,/r/Danbury
491,East Hampton,/r/Easthampton
492,Enfield,/r/EnfieldCT
493,Fairfield,/r/fairfield
494,Fairfield County,/r/fairfieldcounty
495,Glastonbury,/r/GlastonburyCT
496,Greenwich,/r/Greenwich
497,Groton,/r/groton
498,Hartford,/r/hartford
499,Manchester,/r/SilkCity
500,Meriden,/r/meridenct
501,Milford,/r/Milford
502,New Britain,/r/newbritain
503,New Haven,/r/newhaven
504,New London,/r/newlondon
505,Northeast Connecticut,/r/NortheastConnecticut
506,Northeast CT,/r/NortheastCT
507,Norwich,/r/norwichct
508,Old Saybrook,/r/oldsaybrook
509,Redding,/r/reddingct
510,Rocky Hill,/r/RockyHill
511,Shelton,/r/sheltonct
512,Southington,/r/Southington
513,South Norwalk,/r/Sono
514,Stamford CT,/r/StamfordCT
515,Stratford,/r/StratfordCT
516,Tolland,/r/TollandCT
517,Waterbury,/r/WaterburyCT
518,West Hartford,/r/westhartford
519,Westport,/r/WestportCT
520,Wethersfield,/r/wethersfield
521,Woodbury,/r/WoodburyCT
522,Woodstock,/r/Woodstockct
523,Delaware,/r/delaware
524,Dover,/r/DoverDE
525,Newark,/r/newarkde
526,Ocean View,/r/oceanview
527,Wilmington,/r/wilmingtonDE
528,Washington DC,/r/washingtondc
529,Washington_DC,/r/washington_dc
530,District of Columbia,/r/districtofcolumbia
531,Brookland,/r/brookland
532,Chesapeake &amp; Ohio Canal,/r/towpath
533,Takoma Park,/r/takomapark
534,Florida,/r/florida
535,Anna Maria Island,/r/annamariaisland
536,Apalachicola,/r/apalachicola
537,Apopka,/r/apopka
538,Auburndale,/r/Auburndale
539,Aventura,/r/aventura
540,Belleview,/r/belleview
541,Brevard County (321),/r/321
542,Bostwick,/r/bostwick
543,Boynton Beach,/r/boyntonbeach
544,Bradenton,/r/bradenton
545,Brandon,/r/brandonFL
546,Brevard County,/r/brevardfl
547,Broward,/r/broward
548,Cape Coral,/r/capecoral
549,Captiva Island,/r/captiva
550,Central Florida,/r/centralflorida
551,Charlotte County,/r/charlottecounty
552,Citrus County,/r/citruscountyflorida
553,Clearwater,/r/clearwaterfl
554,Coconut Creek,/r/coconutcreek
555,Coral Gables,/r/coralgables
556,Coral Springs,/r/coralsprings
557,Crawfordville,/r/crawfordville
558,Davie,/r/davie
559,Daytona Beach,/r/DaytonaBeach
560,Debary,/r/debary
561,Deerfield Beach,/r/deerfieldbeach
562,DeLand,/r/deland
563,Delray Beach,/r/delraybeach
564,Deltona,/r/deltona
565,Destin,/r/destin
566,Dunedin,/r/DunedinFlorida
567,Dunnellon,/r/dunnellon
568,Englewood,/r/englewoodfl
569,Estero,/r/estero
570,Everglades National Park,/r/Everglades
571,Fernandina Beach,/r/fernandinabeach
572,Flagler Beach,/r/flaglerbeach
573,Florida Keys,/r/floridakeys
574,Florida Keys-Key West,/r/FloridaKeysandKeyWest
575,Fort Lauderdale,/r/fortlauderdale
576,Fort Myers,/r/FortMyers
577,Fort Walton Beach,/r/fortwaltonbeach
578,Gainesville,/r/gnv
579,Gulf Coast,/r/panhandlegulfcoast
580,Gulfport,/r/GulfportFL
581,Immokalee,/r/immokalee
582,Jacksonville,/r/jacksonville
583,Jupiter,/r/JupiterFL
584,Key Largo,/r/KeyLargo
585,Key West,/r/KeyWest
586,Kissimmee,/r/kissimmee
587,Lake City,/r/LakeCity
588,Lakeland,/r/lakeland
589,Lake Wales,/r/LakeWales
590,Lakewood Ranch,/r/LakewoodRanch
591,Lake Worth,/r/lakeworth
592,Longwood,/r/LongwoodFL
593,Marco Island,/r/MarcoIsland
594,Melbourne,/r/melbourneflorida
595,Melbourne FL,/r/melbourneFL
596,Merritt Island,/r/merrittisland
597,Miami,/r/miami
598,Milton,/r/MiltonFL
599,Mt. Dora,/r/mountdora
600,Myakka City,/r/MyakkaCity
601,Naples,/r/naples_fl
602,Navarre,/r/NavarreNow
603,Niceville,/r/Niceville
604,Northern Florida (386),/r/386
605,North Florida,/r/NorthFlorida
606,Northwest Florida,/r/nwfl
607,Ocala,/r/ocala
608,Ocoee,/r/ocoee
609,Orlando Area (407),/r/407
610,Orlando,/r/orlando
611,Orlando Disney Area,/r/orlandodisneyarea
612,Ormond Beach,/r/OrmondBeachFL
613,Palm Beach,/r/palmbeach
614,Palm Coast,/r/palmcoast
615,Palmetto,/r/Palmetto
616,Palm Harbor,/r/palmharbor
617,Panama City,/r/panamacity
618,Panama City Beach (PCB),/r/PCB
619,Panama City Beach,/r/panamacitybeach
620,Parrish,/r/parrish
621,Pasco County,/r/Pasco
622,Pembroke Pines,/r/pembrokepines
623,Pensacola,/r/pensacola
624,Pensacola Beach,/r/pensacolabeach
625,Pinellas County,/r/pinellas
626,Plant City,/r/PlantCity
627,Polk County,/r/polk
628,Polk County (863),/r/863
629,Ponte Vedra,/r/pontevedra
630,Port Charlotte,/r/portcharlotte
631,Port Orange,/r/portorange
632,Port St. Joe,/r/portstjoe
633,Port St. Lucie,/r/PortStLucie
634,Sanford,/r/Sanford
635,Sanford FL,/r/SanfordFL
636,Sanibel Island,/r/sanibel
637,Sarasota,/r/sarasota
638,Sebring,/r/sebring
639,South Florida,/r/southflorida
640,South Walton,/r/southwalton
641,Southwood,/r/southwood
642,St. Augustine,/r/staugustine
643,St. Augustine Beach,/r/staugustinebeach
644,St. John&#39;s County,/r/stjohnscounty
645,St. Petersburg,/r/stpetersburgfl
646,Southwest Florida,/r/swfl
647,Sunny Isles Beach,/r/SunnyIslesBeach
648,Tampa,/r/tampa
649,Tampa Bay,/r/tampabay
650,Tallahassee,/r/tallahassee
651,Tallahassee (TLH),/r/tlh
652,Tequesta,/r/tequesta
653,Thornton Park,/r/ThorntonPark
654,Titusville,/r/titusville
655,Treasure Coast (772),/r/772
656,Treasure Coast,/r/treasurecoast
657,Valrico,/r/valrico
658,Venice,/r/veniceflorida
659,Venice FL,/r/Venice_FL
660,Wellington,/r/WellingtonFL
661,West Palm Beach,/r/WestPalmBeachFl
662,Winter Park,/r/WinterPark
663,Georgia,/r/georgia
664,Georgia USA,/r/georgiausa
665,Acworth,/r/acworth
666,Albany,/r/albanyga
667,Alpharetta,/r/alpharetta
668,Athens,/r/athens
669,Atlanta,/r/atlanta
670,Augusta,/r/augusta
671,Barrow County,/r/barrowcounty
672,Brookhaven,/r/Brookhaven
673,Camden,/r/CamdenGA
674,Canton,/r/cantonga
675,Carrollton,/r/carrolltongeorgia
676,Cartersville,/r/cartersville
677,Cherokee County,/r/cherokeecountyga
678,Cobb County,/r/CobbCounty
679,Columbia County,/r/columbiacounty
680,Columbus,/r/columbusga
681,Conyers,/r/conyers
682,Cumming,/r/cumming
683,Cumming GA,/r/CummingGA
684,Dacula,/r/dacula
685,Dahlonega,/r/dahlonega
686,Dalton,/r/daltonga
687,Dawsonville,/r/Dawsonville
688,Decatur,/r/decaturga
689,Douglasville,/r/dvillega
690,Dublin,/r/dublinGA
691,Duluth,/r/DuluthGA
692,Dunwoody,/r/Dunwoody
693,East Cobb County,/r/snobbery
694,East Point,/r/eastpoint
695,Ellijay,/r/Ellijay
696,Fayette County,/r/fayco
697,Falcon Crest,/r/FalconCrest
698,Forsyth County,/r/forsyth
699,Franklin County,/r/franklincountyga
700,Grovetown,/r/grovetown
701,Gwinnett County,/r/gwinnett
702,Henry County,/r/Henrycounty
703,Hinesville,/r/HinesvilleGA
704,Jekyll Island,/r/jekyllisland
705,Johns Creek,/r/johnscreek
706,Kennesaw,/r/kennesaw
707,La Grange,/r/lagrange
708,Lilburn,/r/lilburn
709,Mableton,/r/mableton
710,Macon,/r/macon
711,Macon-Bibb County,/r/maconbibb
712,Marietta,/r/marietta
713,Marietta GA,/r/mariettaga
714,Middle Georgia,/r/middlegeorgia
715,Midtown Atlanta,/r/midtownatlanta
716,Milledgeville,/r/milledgeville
717,Newnan,/r/newnan
718,North Georgia,/r/northgeorgia
719,Paulding County,/r/paulding
720,Rome,/r/romega
721,Roswell,/r/roswell
722,Sandy Springs,/r/sandysprings
723,Savannah,/r/savannah
724,Smyrna,/r/smyrna
725,Southeast Georgia,/r/SEGANEFL
726,St. Simons Island,/r/stsimonsisland
727,Statesboro,/r/statesboro
728,Summerville,/r/summervillega
729,Toccoa,/r/Toccoa
730,Toombs County,/r/ToombsCounty
731,Valdosta,/r/valdosta
732,Waycross,/r/waycross
733,Webster County,/r/webstercounty
734,Woodstock,/r/woodstockga
735,Hawaii,/r/hawaii
736,Big Island,/r/bigisland
737,Hana,/r/hanamaui
738,Honolulu,/r/honolulu
739,Kauai,/r/kauai
740,Kona,/r/kona
741,Maui,/r/maui
742,Idaho,/r/idaho
743,Boise,/r/boise
744,Coeur d&#39;Alene,/r/coeurdalene
745,Eastern Idaho,/r/easternidaho
746,Idaho Falls,/r/idahofalls
747,Kuna,/r/kuna
748,Lewiston,/r/LewistonID
749,Moscow,/r/moscowidaho
750,Mountain Home,/r/mountainhomeidaho
751,Nampa,/r/nampa
752,North Idaho,/r/northidaho
753,Pocatello,/r/pocatello
754,Rexburg,/r/rexburg
755,Sandpoint,/r/Sandpoint
756,Sun Valley,/r/SunValley
757,Twin Falls,/r/twinfalls
758,Illinois,/r/illinois
759,Albany Park,/r/albanypark
760,Alton,/r/AltonNews
761,Andersonville,/r/andersonvillechicago
762,Arlington Heights,/r/ArlingtonHeights
763,Aurora IL,/r/AuroraIL
764,Aurora,/r/auroraillinois
765,Bartlett,/r/BartlettIllinois
766,Belleville,/r/bellevilleIL
767,Berwyn,/r/berwyn
768,Bethalto,/r/Bethalto
769,Bloomington,/r/bloomingtonil
770,Bloomington-Normal,/r/bloomingtonnormal
771,Buffalo Grove,/r/BuffaloGrove
772,Canton,/r/CantonIL
773,Carbondale,/r/Carbondale
774,Carpentersville,/r/Carpentersville
775,Carol Stream,/r/carolstream
776,Central Illinois,/r/centralillinois
777,Champaign-Urbana (Chambana),/r/chambana
778,Champaign-Urbana,/r/champaignurbana
779,Charleston,/r/charlestonil
780,Chatsworth,/r/Chatsworth
781,Chicago,/r/chicago
782,Chicago Metro Area,/r/chicagoland
783,Chicago Suburbs,/r/chicagosuburbs
784,Chicago Near West Suburbs,/r/NearWestSuburbs
785,Chicago Southside,/r/southside
786,Decatur,/r/Decatur
787,Deerfield,/r/deerfield
788,De Kalb,/r/dekalb
789,De Kalb Area,/r/dekalbarea
790,Des Plaines,/r/desplaines
791,Downers Grove,/r/DownersGrove
792,Edwardsville (Eville),/r/eville
793,Elgin,/r/elgin
794,Elgin IL,/r/elginillinois
795,Elmhurst,/r/Elmhurst
796,Evanston,/r/evanston
797,Evanston IL,/r/evanstonil
798,Franklin Park,/r/franklinpark
799,Freeport,/r/freeport
800,Galena,/r/Galena
801,Galesburg,/r/galesburg
802,Geneseo,/r/GeneseoIllinois
803,Geneva,/r/GenevaIL
804,Grayslake,/r/grayslake
805,Grayslake IL,/r/Grayslakeillinois
806,Gurnee,/r/gurnee
807,Hinsdale,/r/hinsdale
808,Homer Glen,/r/homerglen
809,Huntley,/r/huntley
810,Joliet,/r/jolietillinois
811,Kankakee County and/or city,/r/SKankakee
812,Lake County,/r/lakecounty
813,Lake Zurich,/r/lakezurichil
814,La Salle County,/r/LaSalleCounty
815,Libertyville,/r/libertyville
816,Lombard,/r/lombard
817,McHenry County,/r/mchenrycounty
818,Metro East,/r/metroeast
819,Metro East IL,/r/metroeastil
820,Mt. Morris,/r/mtmorris
821,Mundelein,/r/Mundelein
822,Naperville,/r/naperville
823,New Lenox,/r/newlenox
824,Northbrook,/r/northbrook
825,Oak Lawn,/r/OakLawn
826,Oak Park,/r/oakpark
827,Oak Park,/r/oakparkil
828,Orland Park,/r/orlandpark
829,Palatine,/r/palatine
830,Park Ridge,/r/Parkridge
831,Pekin,/r/pekinillinois
832,Peoria,/r/peoria
833,Peoria IL,/r/peoriaIL
834,Plainfield,/r/Plainfield
835,Rockford,/r/rockford
836,Round Lake,/r/roundlake
837,Schaumburg,/r/schaumburg
838,Southern Illinois,/r/southernillinois
839,Springfield,/r/springfieldil
840,St. Charles,/r/StCharlesIL
841,Tuscola,/r/tuscola
842,Vernon Hills,/r/vernonhills
843,Waukegan,/r/waukegan
844,Western Illinois,/r/westernillinois
845,Wilmette,/r/Wilmette
846,Wrigleyville,/r/wrigleyville
847,Yorkville,/r/Yorkville
848,Indiana,/r/indiana
849,Anderson,/r/AndersonIN
850,Bloomington,/r/bloomington
851,Broadripple,/r/broadripple
852,Carmel,/r/Carmel
853,Carmel IN,/r/carmelin
854,Chesterton,/r/chesterton
855,Columbus IN,/r/columbusin
856,Columbus,/r/columbusindiana
857,Connersville,/r/connersville
858,Corydon,/r/corydon
859,Elkhart,/r/Elkhart
860,Evansville,/r/evansville
861,Fishers,/r/Fishers
862,Fort Wayne,/r/fortwayne
863,Huntington,/r/HuntingtonIN
864,Indianapolis,/r/indianapolis
865,Kendallville,/r/Kendallville
866,Kokomo,/r/kokomo
867,Lafayette,/r/lafayette
868,Madison,/r/madtown
869,Michiana,/r/michiana
870,Michigan City,/r/michigancity
871,Muncie,/r/muncie
872,New Albany,/r/newalbany
873,Northwest Indiana (NWI),/r/nwi
874,Northwest Indiana (219),/r/219
875,Newburgh,/r/newburghin
876,Owen County,/r/owencounty
877,Richmond,/r/richmondindiana
878,South Bend,/r/southbend
879,Terre Haute,/r/terrehaute
880,Valparaiso,/r/valparaiso
881,Vevay,/r/Vevay
882,Westfield,/r/WestfieldIndy
883,Winona Lake,/r/WinonaLake
884,Zionsville,/r/Zionsville
885,Iowa,/r/iowa
886,Ames,/r/ames
887,Burlington,/r/Burlingtoniowa
888,Cedar Falls,/r/cedarfalls
889,Cedar Rapids,/r/cedarrapids
890,Clinton,/r/clintoniowa
891,Colfax,/r/ColfaxIowa
892,Coralville,/r/coralville
893,Decorah,/r/decorah
894,Des Moines,/r/desmoines
895,Dubuque,/r/dubuque
896,Fairfield,/r/fairfieldiowa
897,Fort Dodge,/r/fortdodge
898,Iowa City,/r/iowacity
899,Maquoketa,/r/maquoketa
900,Marion,/r/marioniowa
901,Marshalltown,/r/Marshalltown
902,Mason City,/r/masoncity
903,North Iowa,/r/north_iowa_reddit
904,North Liberty,/r/NorthLiberty
905,Northwest Iowa,/r/RuralNWIowa
906,Okoboji,/r/okoboji
907,Orange City,/r/OrangeCity
908,Quad Cities Area,/r/quadcities
909,Sioux City,/r/siouxcity
910,Southwest Iowa,/r/swi
911,Waterloo,/r/waterlooiowa
912,Webster County,/r/webstercounty
913,West Des Moines,/r/westdesmoines
914,Kansas,/r/kansas
915,Atchison,/r/atchison
916,Baldwin City,/r/BaldwinCity
917,Derby,/r/DerbyKansas
918,Emporia,/r/Emporia
919,Garden City Kansas,/r/GardenCityKansas
920,Hutchinson,/r/hutchinson
921,Johnson County,/r/JohnsonCounty
922,Kansas City,/r/kansascity
923,Leavenworth,/r/Leavenworth
924,Lawrence,/r/lawrence
925,Louisburg,/r/LouisburgKS
926,Manhattan,/r/littleapple
927,Manhattan KS,/r/manhattanks
928,Newton,/r/newtonkansas
929,Olathe,/r/olathe
930,Overland Park,/r/overlandpark
931,Shawnee,/r/shawnee
932,Topeka,/r/topeka
933,Wichita,/r/wichita
934,Kentucky,/r/kentucky
935,Ashland,/r/ashlandkentucky
936,Ashland KY,/r/ashlandky
937,Bardstown,/r/Bardstown
938,Bellevue,/r/BellevueKY
939,Bowling Green,/r/bowlinggreen
940,Boyle County,/r/boylecounty
941,Corbin,/r/corbinky
942,Covington,/r/covington
943,Danville,/r/DanvilleKY
944,Eastern Kentucky,/r/easternky
945,Florence,/r/FlorenceKY
946,Frankfort,/r/frankfort
947,Glasgow,/r/glasgowky
948,Graves County,/r/gravescounty
949,Harlan,/r/HarlanKY
950,Lake Cumberland,/r/lakecumberland
951,Lexington,/r/lexington
952,Lexington Hangouts,/r/lexingtonhangouts
953,Louisville,/r/louisville
954,Middlesboroky,/r/middlesboroky
955,Middlesboro,/r/Middlesboro
956,Morehead,/r/morehead
957,New Port,/r/newportky
958,Northern Kentucky,/r/northernky
959,Owensboro,/r/owensboro
960,Paducah,/r/paducah
961,Pikeville,/r/pikeville
962,Pulaski County,/r/pulaskikentucky
963,Red River Gorge,/r/redrivergorge
964,Shelbyville,/r/shelbyky
965,Somerset,/r/SomersetKY
966,Webster County,/r/webstercounty
967,West Kentucky,/r/westkentucky
968,Winchester,/r/winchesterky
969,Louisiana,/r/louisiana
970,Acadiana,/r/acadiana
971,Ascension Parish,/r/ascensionparish
972,Baton Rouge,/r/batonrouge
973,Bogalusa,/r/bogalusa
974,Bossier City,/r/bossiercity
975,Central Louisiana,/r/centrallouisiana
976,Denham Springs,/r/DenhamSprings
977,Eunice,/r/Eunice
978,Hammond,/r/hammond
979,Houma,/r/houma
980,Jefferson Parish,/r/jeffersonparish
981,Lafayette,/r/lafayetteLA
982,Lake Charles,/r/lakecharles
983,Metairie,/r/metry
984,Morgan City,/r/morgancity
985,New Iberia,/r/newiberia
986,New Orleans,/r/neworleans
987,NOLA (New Orleans),/r/NOLA
988,North Louisiana,/r/northlouisiana
989,Northeast Louisiana,/r/Nela
990,Plaquemine,/r/plaquemine
991,Ponchatoula,/r/ponchatoula
992,Shreveport,/r/shreveport
993,Thibodaux,/r/thibodaux
994,Webster County,/r/webstercounty
995,Maine,/r/maine
996,Aroostook County,/r/Aroostook
997,Bangor,/r/bangorme
998,Brony Island,/r/bronyisland
999,Gorham,/r/gorham
1000,Kennebunk,/r/kennebunk
1001,Lewiston-Auburn,/r/LewistonAuburn
1002,Lewiston-Auburn (LAMaine),/r/LAMaine
1003,Portland ME,/r/portlandme
1004,Waterville,/r/Waterville
1005,Maryland,/r/maryland
1006,Annapolis,/r/annapolis
1007,Anne Arundel County,/r/annearundelcountymd
1008,Baltimore,/r/baltimore
1009,Baltimore County,/r/BaltimoreCounty
1010,Bethesda,/r/bethesda
1011,Breton bay,/r/thebbc
1012,Carroll County MD,/r/carrollcountymd
1013,Charles County,/r/charlescounty
1014,Chesapeake Bay,/r/chesapeakebay
1015,Chesapeake &amp; Ohio Canal,/r/towpath
1016,Cheverly,/r/Cheverly
1017,Columbia,/r/columbiamd
1018,College Park,/r/collegeparkmd
1019,Crofton,/r/crofton_md
1020,Cumberland,/r/cumberland_maryland
1021,Damascus,/r/damascusmd
1022,District of Columbia/Maryland/Virginia,/r/theDMV
1023,Dundalk,/r/dundalkmd
1024,Eastern Shore,/r/easternshoremd
1025,Elkton,/r/elkton
1026,Frederick,/r/frederickmd
1027,Gaithersburg,/r/gaithersburg
1028,Glenelg,/r/Glenelg
1029,Hagerstown,/r/hagerstown
1030,Hampden,/r/hampden
1031,Harford County,/r/harfordcountymd
1032,Howard County,/r/Hoco
1033,Laurel,/r/laurelmd
1034,Lusby,/r/lusby
1035,Middletown,/r/Middletownmd
1036,Montgomery County,/r/Montgomerycounty
1037,Montgomery County MD,/r/montgomerycountymd
1038,North Bethesda,/r/NorthBethesda
1039,Ocean City,/r/oceancity
1040,Odenton,/r/odenton
1041,Olney,/r/olney
1042,Parkville,/r/parkville
1043,Pasadena,/r/pasadenamd
1044,Perryhall,/r/perryhall
1045,Prince George&#39;s County,/r/princegeorgescountyMD
1046,Queen Anne&#39;s County,/r/QueenAnnesCounty
1047,Reisterstown,/r/Reisterstown
1048,Rockville,/r/Rockville
1049,Rockville MD,/r/rockvillemd
1050,Silver Spring,/r/SilverSpring
1051,South Maryland,/r/somd
1052,Takoma Park,/r/takomapark
1053,Talbot County,/r/TalbotCounty
1054,Towson,/r/Towson
1055,Washington County,/r/washingtoncountymd
1056,Waldorf,/r/WaldorfMD
1057,Westminster,/r/WestminsterMaryland
1058,Wheaton,/r/WheatonMD
1059,Wye Oak,/r/wyeoak
1060,Massachusetts,/r/massachusetts
1061,Mass,/r/mass
1062,Acton,/r/actonma
1063,Adams,/r/adamsma
1064,Agawam,/r/agawam
1065,Amesbury,/r/Amesbury
1066,Amherst,/r/amherst
1067,Andover,/r/andover
1068,Attleboro,/r/attleboro
1069,Berkshire County,/r/TheBerkshires
1070,Blackstone,/r/BlackstoneMA
1071,Boston,/r/boston
1072,Boston East,/r/eastie
1073,Boston Metro,/r/MetroBoston
1074,Brighton,/r/brightonma
1075,Brookline,/r/brookline
1076,Burlington,/r/burlingtonma
1077,Camberville,/r/Camberville
1078,Cambridge,/r/cambridgeMA
1079,Cape Cod,/r/capecod
1080,Central_Massachusetts,/r/central_ma
1081,Chelsea,/r/ChelseaMA
1082,Chicopee,/r/chicopee
1083,Cohasset,/r/cohasset
1084,Concord,/r/ConcordMA
1085,Dorchester,/r/Dorchester
1086,East Longmeadow,/r/EastLongmeadow
1087,Fall River,/r/fallriver
1088,Framingham,/r/framinghamma
1089,Gloucester,/r/gloucester
1090,Gloucester MA,/r/GloucesterMA
1091,Great Barrington,/r/GreatBarrington
1092,Greenfield,/r/Greenfield
1093,Groton,/r/GrotonMA
1094,Groveland,/r/groveland
1095,Holyoke,/r/holyoke
1096,Hopkunton,/r/Hopkunton
1097,Hyde Park,/r/HydeParkMA
1098,Jamaica Plain,/r/JamaicaPlain
1099,Lowell MA,/r/LowellMA
1100,Lowell Massachusetts,/r/lowellmassachusetts
1101,Ludlow,/r/Ludlow
1102,Lynn,/r/LynnMA
1103,Malden,/r/malden
1104,Mansfield,/r/mansfieldma
1105,Marblehead,/r/Marblehead
1106,Marlborough,/r/marlborough
1107,Martha&#39;s Vineyard,/r/marthasvineyard
1108,Medfield,/r/Medfield
1109,Medford MA,/r/medfordma
1110,Methuen,/r/Methuen
1111,Metro West,/r/metrowest
1112,Millbury,/r/millbury
1113,Millis,/r/Millis
1114,Nantucket,/r/Nantucket
1115,Natick,/r/Natick
1116,New Bedford,/r/newbedford
1117,Newbury Port,/r/newburyport
1118,Newton,/r/newtonma
1119,North Adams,/r/NorthAdams
1120,North Andover,/r/NorthAndover
1121,Northampton,/r/northampton
1122,Norwood,/r/norwood
1123,Peabody,/r/peabodyma
1124,Pioneer Valley,/r/pioneervalley
1125,Pioneer Valley (Happy Valley),/r/happyvalley
1126,Plymouth,/r/plymouthma
1127,Provincetown,/r/Provincetown
1128,Roxbury,/r/roxbury
1129,Salem,/r/SalemMA
1130,Saugus,/r/Saugus
1131,Sharon,/r/SharonMA
1132,Sherborn,/r/sherborn
1133,Shrewsbury,/r/shrewsbury
1134,Somerville,/r/somerville
1135,South Coast,/r/southcoast
1136,South Shore,/r/southshore
1137,Southbridge,/r/southbridge
1138,Southwick,/r/southwick
1139,Springfield,/r/springfield
1140,Stoneham,/r/stoneham
1141,Stoughton,/r/stoughton
1142,Taunton,/r/taunton
1143,Taunton,/r/tauntonma
1144,Townsend,/r/townsend
1145,Wakefield,/r/WakefieldMA
1146,Walpole,/r/Walpole
1147,Waltham,/r/Waltham
1148,Watertown,/r/watertown
1149,Wellesley,/r/wellesley
1150,West Springfield,/r/WestSpringfield
1151,Western MA,/r/westernma
1152,Western MA (413),/r/413
1153,Western Mass (WMASS),/r/wmass
1154,Western Massachusetts,/r/westernmass
1155,Westfield,/r/WestfieldMA
1156,Weston,/r/weston
1157,Whitinsville,/r/Whitinsville
1158,Williamstown,/r/Williamstown
1159,Winchester,/r/WinchesterMass
1160,Woburn,/r/woburn
1161,Worcester,/r/worcesterma
1162,Michigan,/r/michigan
1163,Allendale,/r/allendale
1164,Alpena,/r/alpena
1165,Ann Arbor,/r/annarbor
1166,Battle Creek,/r/battlecreek
1167,Bay City,/r/BayCityMichigan
1168,Benton Harbor,/r/bentonharbor
1169,Birmingham,/r/birminghammi
1170,Charlevoix,/r/charlevoix
1171,Coopersville,/r/Coopersville
1172,Davison,/r/davison
1173,Detroit,/r/detroit
1174,"Detroit, Metro",/r/metrodetroit
1175,DeWitt,/r/dewitt
1176,Downriver Area,/r/downriver
1177,East Lansing,/r/eastlansing
1178,Farmington Hills,/r/FarmingtonHills
1179,Ferndale,/r/Ferndale
1180,Flint,/r/flint
1181,Fruitport,/r/Fruitport
1182,Garden City,/r/GardenCityMI
1183,Gladstone,/r/Gladstone
1184,Grand Haven,/r/GrandHaven
1185,Grand Rapids,/r/grandrapids
1186,Grosse Pointe,/r/grossepointe
1187,Hamtramck,/r/hamtramck
1188,Harbor Springs,/r/harborsprings
1189,Haslett,/r/haslett
1190,Hesperia,/r/HesperiaMI
1191,Holland,/r/hollandmichigan
1192,Houghton,/r/houghton
1193,Hudsonville,/r/Hudsonville
1194,Irish Hills,/r/IrishHills
1195,Iron Mountain,/r/ironmountain
1196,Jackson,/r/jacksonmi
1197,Kalamazoo,/r/kalamazoomichigan
1198,Kalamazoo (kzoo),/r/kzoo
1199,Kent County,/r/kentcountymichigan
1200,Keweenaw,/r/keweenaw
1201,Lansing,/r/lansing
1202,Lapeer,/r/lapeer
1203,Leelanau,/r/leelanau
1204,Livonia,/r/livonia
1205,Lowell,/r/lowell
1206,Ludington,/r/Ludington
1207,Mackinac,/r/mackinac
1208,Marine City,/r/marinecity
1209,Marquette,/r/MQT
1210,Mason,/r/MasonMI
1211,Meridian Township,/r/MeridianTwp
1212,Midland,/r/Midland
1213,Midland MI,/r/midland_mi
1214,Milford,/r/milfordmi
1215,Monroe,/r/MonroeMI
1216,Montague,/r/Montague
1217,Mt. Brighton,/r/mtbrighton
1218,Mt. Pleasant,/r/mtpleasantmi
1219,Muskegon,/r/muskegon
1220,Newaygo County,/r/NewaygoCounty
1221,Northville,/r/Northville
1222,Oakland County,/r/oaklandcounty
1223,Okemos,/r/okemos
1224,Owosso,/r/owosso
1225,Petoskey,/r/petoskey
1226,Plymouth,/r/PlymouthMI
1227,Pontiac,/r/pontiacmi
1228,Posen,/r/posen
1229,Rochester Hills,/r/rochesterhills
1230,Romeo,/r/romeomi
1231,Royal Oak,/r/royaloak
1232,Saginaw,/r/saginaw
1233,South Bend,/r/SouthBend
1234,Southwest Michigan,/r/southwestmichigan
1235,St. Joseph,/r/St_Joseph
1236,SW Michigan,/r/swmich
1237,Swartz Creek,/r/swartzcreek
1238,Traverse City,/r/traversecity
1239,Upper Michigan,/r/uppermichigan
1240,Upper Peninsula,/r/UPmichigan
1241,West Michigan,/r/westmi
1242,White Lake,/r/WhiteLake
1243,Whitehall,/r/Whitehall
1244,Woodhaven,/r/Woodhaven
1245,Wyoming,/r/wyomingmi
1246,Yooper,/r/yooper
1247,Ypsilanti,/r/ypsilanti
1248,Ypsilanti (YPSI),/r/ypsi
1249,Minnesota,/r/minnesota
1250,Alexandria,/r/alexandriamn
1251,Anoka,/r/anoka
1252,Armatage,/r/armatage
1253,Bemidji,/r/bemidji
1254,Bloomington,/r/bloomingtonmn
1255,Brainerd,/r/brainerd
1256,Buffalo,/r/buffalominnesota
1257,Burnsville,/r/burnsvillemn
1258,Chaska,/r/chaska
1259,Coon Rapids,/r/coonrapids
1260,Cottage Grove,/r/cottagegrove
1261,Duluth,/r/duluth
1262,Eagan,/r/eaganmn
1263,Eden Prairie,/r/edenprairie
1264,Elk River,/r/elkriver
1265,Grand Rapids,/r/grandrapidsmn
1266,Hastings,/r/hastingsmn
1267,Hibbing,/r/hibbing
1268,Isanti,/r/isantimn
1269,Kasson and Mantorville,/r/kassonmantorville
1270,Mankato,/r/mankato
1271,Maple Grove,/r/MapleGroveMN
1272,Marshall,/r/marshallmn
1273,Minneapolis,/r/minneapolis
1274,Minnetonka,/r/minnetonka
1275,Moorhead-Fargo,/r/FargoMoorhead
1276,Morris,/r/morrismn
1277,Mound,/r/moundmn
1278,Northfield,/r/northfield
1279,Owatonna,/r/owatonna
1280,Plymouth,/r/plymouthmn
1281,Red Wing,/r/redwingmn
1282,Richfield,/r/richfield
1283,Rochester,/r/rochestermn
1284,Saint Paul,/r/saintpaul
1285,St. Paul,/r/stpaul
1286,Shakopee,/r/shakopee
1287,Staples,/r/staples_minnesota
1288,Twin Cities,/r/twincities
1289,Twin Cities Social,/r/twincitiessocial
1290,Waconia,/r/waconia
1291,Willmar,/r/willmar
1292,Windom,/r/windommn
1293,Winona,/r/winona
1294,Mississippi,/r/mississippi
1295,Amory,/r/amory
1296,Biloxi,/r/biloxi
1297,Cleveland,/r/clevelandms
1298,Ellisville,/r/ellisville
1299,Hattiesburg,/r/hattiesburg
1300,Jackson,/r/jacksonms
1301,Meridian,/r/meridian
1302,Natchez,/r/natchez
1303,Ocean Springs,/r/oceansprings
1304,Petal,/r/ptownms
1305,Philadelphia,/r/philadelphiams
1306,Southaven,/r/southaven
1307,Tunica,/r/tunica
1308,Tupelo,/r/tupelo
1309,Webster County,/r/webstercounty
1310,Missouri,/r/missouri
1311,Alton,/r/alton
1312,Branson,/r/bransonmo
1313,Columbia,/r/columbiamo
1314,Columbia (Co_Mo),/r/co_mo
1315,Columbia MO,/r/columbiamissouri
1316,Fulton,/r/FultonMo
1317,Joplin MO,/r/joplinmo
1318,Kansas City,/r/kansascity
1319,Kirksville,/r/kirksville
1320,Liberty,/r/libertymo
1321,Middle Missouri,/r/MidMo
1322,New Madrid County,/r/newmadridcounty
1323,Oakville,/r/OakvilleSTL
1324,Ozark,/r/ozarkmo
1325,Ozarks,/r/ozarks
1326,Rolla,/r/rolla
1327,Sedalia,/r/sedalia
1328,Springfield,/r/springfieldmo
1329,St. Charles,/r/stcharlesmo
1330,St. Joseph,/r/stjoemo
1331,St. Louis,/r/stlouis
1332,St. Louis County,/r/stlouiscounty
1333,Washington,/r/washmo
1334,Warrensburg,/r/warrensburg
1335,Webster County,/r/webstercounty
1336,West Plains,/r/westplains
1337,Wildwood,/r/wildwoodmo
1338,Willard,/r/willardmo
1339,Montana,/r/montana
1340,Big Sky,/r/bigsky
1341,Billings,/r/billings
1342,Bitterroot Valley,/r/bitterroot
1343,Bozeman,/r/bozeman
1344,Butte,/r/butte
1345,Eureka,/r/EurekaMT
1346,Glacier National Park,/r/glacier
1347,Great Falls,/r/greatfalls
1348,Helena,/r/helena
1349,Kalispell,/r/kalispell
1350,Missoula,/r/missoula
1351,Whitefish,/r/whitefish
1352,Nebraska,/r/nebraska
1353,Blair,/r/blair
1354,Douglas County,/r/douglascounty
1355,Fremont,/r/fremontne
1356,Hastings,/r/hastingsne
1357,Kearney,/r/kearney
1358,Lincoln,/r/lincoln
1359,Omaha,/r/omaha
1360,Scottsbluff,/r/Scottsbluffnebraska
1361,Seward,/r/SewardNE
1362,Western Nebraska,/r/WesternNebraska
1363,Nevada,/r/nevada
1364,Boulder City,/r/bouldercity
1365,Carson City,/r/carsoncity
1366,Crystal Bay,/r/crystalbay
1367,Elko,/r/elko
1368,Incline Village,/r/inclinevillage
1369,Las Vegas,/r/lasvegas
1370,(Las) Vegas,/r/vegas
1371,Las Vegas NV,/r/LasVegasNevada
1372,Mesquite,/r/Mesquite
1373,Reno,/r/reno
1374,Reno NV,/r/RenoNV
1375,Tahoe,/r/tahoe
1376,Winnemucca,/r/Winnemucca
1377,New Hampshire,/r/newhampshire
1378,Concord,/r/concordnh
1379,Durham,/r/durhamnh
1380,Keene,/r/keene
1381,Lake Winnipesaukee,/r/winnipesaukee
1382,Manchester,/r/manchesternh
1383,Milford,/r/milfordnh
1384,Nashua,/r/nashua
1385,Peterborough,/r/PeterboroughNH
1386,Portsmouth,/r/portsmouthnh
1387,Rochester,/r/rochesternh
1388,Salem,/r/salemnh
1389,Tuckerman Ravine,/r/tuckermanravine
1390,Waterville Valley,/r/watervillevalleynh
1391,New Jersey,/r/newjersey
1392,Jersey,/r/jersey
1393,Asbury Park,/r/asburypark
1394,Atlantic City,/r/atlanticcity
1395,Bayonne,/r/BayonneNJ
1396,Belmar,/r/Belmar
1397,Bernardsville,/r/bernardsville
1398,Blairstown,/r/Blairstown
1399,Boonton,/r/boonton
1400,Bordentown,/r/BordentownNJ
1401,Camden County,/r/CamdenCountyNJ
1402,Cape May,/r/capemay
1403,Carlstadt,/r/Carlstadt
1404,Central Jersey,/r/centraljersey
1405,Cherry Hill,/r/CherryHillNJ
1406,Clifton,/r/clifton
1407,Collingswood,/r/collingswood
1408,Cresskill,/r/Cresskill
1409,East Brunswick,/r/eastbrunswick
1410,Edison,/r/edisonnj
1411,Flemington,/r/Flemington
1412,Fort Lee,/r/FortLee
1413,Gloucester County,/r/gloucestercounty
1414,Hackettstown,/r/hackettstown
1415,Haddonfield,/r/haddonfield
1416,Hammonton,/r/hammonton
1417,Hazlet,/r/hazlet
1418,Hoboken,/r/hoboken
1419,Hudson County,/r/hudsoncounty
1420,Jersey City,/r/jerseycity
1421,Kearny,/r/kearny
1422,Livingston,/r/livingston
1423,Long Beach Island,/r/longbeachisland
1424,Mays Landing,/r/MaysLanding
1425,Metuchen,/r/Metuchen
1426,Middlesex,/r/MiddlesexNJ
1427,Millville,/r/Millville
1428,Monmouth County,/r/monmouthcounty
1429,Montclair NJ,/r/Montclairnj
1430,Montclair,/r/NJMontclair
1431,Morris County,/r/morriscounty
1432,Morristown,/r/morristownnj
1433,Newark,/r/newark
1434,New Brunswick,/r/NewBrunswickNJ
1435,New Providence,/r/NewProvidence
1436,North Jersey,/r/northjersey
1437,Northern New Jersey,/r/northernnewjersey
1438,Ocean City,/r/OceanCityNewJersey
1439,Ocean City NJ,/r/oceancitynj
1440,Ocean County,/r/oceancounty
1441,Ocean Grove,/r/oceangrove
1442,Pennington,/r/pennington
1443,Rahway,/r/rahway
1444,Ramsey,/r/ramseynj
1445,Red Bank,/r/redbank
1446,Ringwood,/r/Ringwood
1447,Sayreville,/r/sayreville
1448,Sea Isle City,/r/SeaIsleCity
1449,Somerset County,/r/somersetnj
1450,South Jersey,/r/southjersey
1451,Southeastern &amp; Central (609),/r/609
1452,Springfield,/r/springfieldnj
1453,Sussex County,/r/sussexcounty
1454,Tenafly,/r/tenafly
1455,Trenton,/r/trentonnj
1456,Verona,/r/VeronaNJ
1457,Vineland,/r/Vineland
1458,West Orange,/r/westorange
1459,New Mexico,/r/newmexico
1460,Alamogordo,/r/alamogordo
1461,Albuquerque,/r/albuquerque
1462,Artesia,/r/artesianm
1463,Carlsbad,/r/carlsbadnm
1464,Clovis,/r/ClovisNewMexico
1465,Gallup,/r/gallup
1466,Las Cruces,/r/lascruces
1467,Los Alamos,/r/losalamos
1468,Roswell,/r/RoswellNM
1469,Santa Fe,/r/santafe
1470,Silver City,/r/silvercity
1471,Taos,/r/taos
1472,Tucumcari,/r/Tucumcari
1473,New York,/r/newyork
1474,Empire State,/r/empirestate
1475,Adirondack Park,/r/adirondacks
1476,Agloe,/r/agloe
1477,Albany,/r/albany
1478,Albany NY,/r/albany_newyork
1479,Allegany State Park,/r/Allegany
1480,Amsterdam,/r/amsterdamny
1481,Astoria,/r/astoria
1482,Auburn,/r/AuburnNY
1483,Bay Ridge,/r/bayridge
1484,Beacon,/r/beacon
1485,Binghamton,/r/binghamton
1486,Brewster,/r/brewster
1487,Bronx,/r/bronx
1488,Brooklyn,/r/brooklyn
1489,Buffalo,/r/buffalo
1490,Bushwick,/r/bushwick
1491,Central New York,/r/cny
1492,Central Park,/r/CentralPark
1493,Cobleskill,/r/cobleskill
1494,Coney Island,/r/coneyisland
1495,Cooperstown,/r/cooperstownny
1496,Corning,/r/corning
1497,Crown Heights,/r/crownheights
1498,East Village,/r/eastvillage
1499,Endicott,/r/endicott
1500,Flushing,/r/FlushingQueens
1501,Forest Hills,/r/ForestHills
1502,Fort Greene,/r/fortgreene
1503,Geneva,/r/GenevaNY
1504,Glens Falls,/r/glensfalls
1505,Greenwich Village,/r/greenwichvillage
1506,Hornell,/r/Hornell
1507,Hudson,/r/HudsonNY
1508,Hudson Valley,/r/hudsonvalley
1509,Huntington,/r/hton
1510,Ithaca,/r/ithaca
1511,Jackson Heights,/r/jacksonheights
1512,Jamestown,/r/jamestownny
1513,Long Beach,/r/lbny
1514,Long Beach NY,/r/longbeachny
1515,Long Island,/r/longisland
1516,Lower East Side,/r/lowereastside
1517,Mahopac,/r/mahopac
1518,Malta,/r/maltany
1519,Manhattan,/r/manhattan
1520,Massena,/r/Massena
1521,Mechanicville,/r/mechanicville
1522,Millbrook,/r/millbrook
1523,Narrowsburg,/r/Narrowsburg
1524,Nassau County,/r/nassaucounty
1525,New Hyde Park,/r/newhydepark
1526,New York City,/r/nyc
1527,Newburgh,/r/newburgh
1528,Newburgh NY,/r/cityofnewburghny
1529,Niagara Falls,/r/niagarafallsny
1530,North Port,/r/northportny
1531,Ogdensburg,/r/Ogdensburg
1532,Olean,/r/olean
1533,Orange County NY,/r/orangecountyny
1534,Ossining,/r/ossining
1535,Owego,/r/owego
1536,Park Slope,/r/parkslope
1537,Pelham,/r/pelham
1538,Philmont,/r/PhilmontNY
1539,Plattsburgh,/r/plattsburgh
1540,Plattsburgh (12901),/r/12901
1541,Port Washington,/r/PortWashington
1542,Queens,/r/queens
1543,Queensbury,/r/Queensbury
1544,Rhinebeck,/r/rhinebeck
1545,Ridgewood,/r/ridgewood
1546,Rochester,/r/rochester
1547,Rockland County,/r/rockland
1548,Roosevelt Island,/r/rooseveltisland
1549,Rye,/r/ryeny
1550,Salamanca,/r/Salamanca
1551,Saratoga Springs,/r/saratogasprings
1552,Scarsdale,/r/scarsdale
1553,Schenectady,/r/schenectady
1554,Scottsville,/r/scottsville
1555,South Wedge,/r/SouthWedge
1556,Stanfordville,/r/stanfordville
1557,Staten Island,/r/statenisland
1558,Syracuse,/r/syracuse
1559,Troy,/r/troy
1560,Troy NY,/r/troyny
1561,Upstate New York,/r/upstate_new_york
1562,Utica,/r/utica
1563,Vestal,/r/vestal
1564,Wantagh,/r/wantagh
1565,Warwick,/r/Warwick_NY
1566,Watertown,/r/watertownny
1567,Webster,/r/websterny
1568,West New York,/r/westnewyork
1569,Westchester County,/r/westchester
1570,Western New York,/r/wny
1571,Williamsburg,/r/williamsburg
1572,Yonkers,/r/yonkers
1573,North Carolina,/r/northcarolina
1574,Asheboro,/r/asheboro
1575,Asheville,/r/asheville
1576,Boone,/r/boone
1577,Brevard,/r/brevard
1578,Bryson City,/r/brysoncity
1579,Burlington,/r/BurlingtonNC
1580,Cabarrus County,/r/cabarruscounty
1581,Cary,/r/cary
1582,Chapel Hill,/r/chapelhill
1583,Charlotte,/r/charlotte
1584,Concord,/r/concordnc
1585,Cornelius,/r/cornelius
1586,Creedmoor,/r/creedmoor
1587,Durham,/r/bullcity
1588,Elizabeth City,/r/elizabethcity
1589,Fayetteville,/r/fayettenam
1590,Forest City,/r/forestcity
1591,Fuquay Varina,/r/Fuquayvarina
1592,Gastonia,/r/gastonia
1593,Greensboro,/r/gso
1594,Greenville,/r/gvegas
1595,Hampstead,/r/hampstead
1596,Harrisburg,/r/HarrisburgNC
1597,Hendersonville,/r/hendersonville
1598,High Point,/r/highpointnc
1599,Hillsborough,/r/Hillsborough
1600,Holly Springs,/r/HollySpringsNC
1601,Hope Mills,/r/hopemills
1602,Huntersville,/r/huntersville
1603,Lake Gaston,/r/lakegaston
1604,Lake Norman Area,/r/lkn
1605,Leland,/r/leland
1606,Lenoir,/r/Lenoir
1607,Lexington,/r/lexingtonnc
1608,Mocksville,/r/Mocksville
1609,Morrisville,/r/morrisville
1610,Ocracoke Island,/r/ocracoke
1611,Outer Banks,/r/obx
1612,Pinehurst,/r/pinehurst
1613,Raleigh,/r/raleigh
1614,Rockingham,/r/rockinghamnc
1615,Rocky Mount,/r/rockymountnc
1616,Rutherfordton,/r/rutherfordton
1617,Sanford,/r/SanfordNC
1618,Shallotte,/r/shallotte
1619,Shelby,/r/shelbyNC
1620,Spruce Pine,/r/sprucepine
1621,Surf City,/r/surfcity
1622,Thomasville,/r/thomasville
1623,Topsail Island,/r/topsail
1624,Triangle,/r/Triangle
1625,Waxhaw,/r/waxhaw
1626,Waynesville,/r/Waynesville
1627,Western North Carolina,/r/wnc
1628,Wilmington,/r/wilmington
1629,Wilson,/r/WilsonNC
1630,Winston-Salem,/r/winstonsalem
1631,Zebulon,/r/zebulon
1632,North Dakota,/r/northdakota
1633,Bismarck,/r/bismarck
1634,Beulah,/r/beulah
1635,Fargo,/r/fargo
1636,Fargo-Moorhead,/r/FargoMoorhead
1637,Grand Forks,/r/grandforks
1638,Jamestown,/r/jamestownnd
1639,Minot,/r/minot
1640,Williston,/r/williston
1641,Ohio,/r/ohio
1642,Akron,/r/akron
1643,Ashland,/r/ashlandohio
1644,Athens,/r/athensohio
1645,Beaver Creek,/r/beavercreekoh
1646,Bellbrook,/r/bellbrook
1647,Cambridge,/r/Cambridge_Ohio
1648,Canton,/r/canton
1649,Chardon,/r/chardon
1650,Chillicothe,/r/chillicothe
1651,Cincinnati,/r/cincinnati
1652,Cleveland,/r/cleveland
1653,Clinton County,/r/clintoncounty
1654,Columbus,/r/columbus
1655,Dayton,/r/dayton
1656,Delaware,/r/delawareoh
1657,Dublin,/r/dublinohio
1658,East Canton,/r/eastcanton
1659,Eaton,/r/eaton
1660,Elyria,/r/Elyria
1661,Findlay,/r/Findlay
1662,Gahanna,/r/gahanna
1663,Geauga County,/r/geauga
1664,Grandview Heights,/r/Grandviewheightsohio
1665,Granville OH,/r/Granvilleohio
1666,Greentown,/r/Greentown
1667,Hilliard,/r/hilliard
1668,Howland,/r/howland
1669,Hudson,/r/hudsonoh
1670,Kent,/r/kent
1671,Lakewood,/r/lakewood
1672,Lima,/r/lima
1673,Lorain,/r/Lorain
1674,Mahoning Valley,/r/mahoningvalley
1675,Mansfield,/r/mansfield
1676,Marietta,/r/MariettaOH
1677,Massillon,/r/massillon
1678,Maumee,/r/maumee
1679,Medina,/r/MedinaOhio
1680,Middletown,/r/MiddletownOhio
1681,Monroe County,/r/Monroe_County
1682,Mt. Vernon,/r/mountvernon
1683,Newark (Nerk),/r/nerk
1684,Newark,/r/newarkohio
1685,North Olmsted,/r/NorthOlmsted
1686,North Ridgeville,/r/NorthRidgeville
1687,Pataskala,/r/pataskala
1688,Pickerington,/r/Pickerington
1689,Portage Lakes,/r/portagelakes
1690,Ravenna,/r/ravenna
1691,Reynoldsburg,/r/reynoldsburg
1692,Sandusky,/r/Sandusky
1693,Sheffield Lake,/r/sheffieldlake
1694,Shelby,/r/shelbyohio
1695,Solon,/r/solonoh
1696,Southern Ohio,/r/southernohio
1697,Springfield,/r/springfieldoh
1698,Stark County,/r/starkcounty
1699,Steubenville,/r/Steubenville
1700,Stow,/r/stow
1701,Tallmadge,/r/tallmadge
1702,Toledo,/r/toledo
1703,Tuscarawas County,/r/tcounty
1704,Union County,/r/unioncounty
1705,Wadsworth,/r/wadsworthoh
1706,Westerville,/r/westerville
1707,Yellow Springs,/r/YellowSprings
1708,Youngstown,/r/Youngstown
1709,Zanesville,/r/zanesville
1710,Oklahoma,/r/oklahoma
1711,Ardmore,/r/ardmore
1712,Bartlesville,/r/bville
1713,Claremore,/r/Claremore
1714,Duncan,/r/DuncanOk
1715,Edmond,/r/Edmond
1716,Edmond OK,/r/EdmondOK
1717,Moore,/r/MooreOK
1718,Mustang OK,/r/mustangok
1719,Mustang,/r/MustangOklahoma
1720,Muskogee,/r/muskogee
1721,Norman,/r/normanok
1722,Oklahoma City (OKC),/r/okc
1723,Owasso,/r/owasso
1724,Tahlequah,/r/tahlequah
1725,Tulsa,/r/tulsa
1726,Oregon,/r/oregon
1727,Ashland,/r/ashland
1728,Astoria,/r/Astoria_Oregon
1729,Beaverton,/r/beaverton
1730,Bend,/r/bend
1731,Bend OR,/r/bendoregon
1732,Brookings,/r/Brookings
1733,Canby,/r/canbyoregon
1734,Forest Grove,/r/forestgrove
1735,Cannon Beach,/r/cannonbeach
1736,Central Oregon,/r/centraloregon
1737,Clackamas County,/r/clackamas
1738,Collins Beach,/r/CollinsBeach
1739,Corvallis,/r/corvallis
1740,Eastern Oregon,/r/EasternOregon
1741,Eugene,/r/eugene
1742,Grants Pass,/r/grantspass
1743,Gresham,/r/gresham
1744,Hillsboro,/r/hillsboro
1745,Keizer,/r/keizer
1746,Klamath Falls,/r/klamathfalls
1747,Lane County,/r/lanecountyoregon
1748,Lake Oswego,/r/lakeoswego
1749,Medford,/r/medford
1750,McMinnville,/r/mcminnville
1751,Mt. Bachelor,/r/MtBachelor
1752,Newberg,/r/newberg
1753,Newport,/r/NewportOR
1754,Oregon City,/r/oregoncity
1755,Oregon Coast,/r/oregoncoast
1756,Portland,/r/portland
1757,Portland OR,/r/portlandoregon
1758,Redmond,/r/RedmondOR
1759,Rogue Valley,/r/roguevalley
1760,Roseburg,/r/roseburg
1761,Salem,/r/salem
1762,Seaside,/r/seaside
1763,Sherwood,/r/sherwoodoregon
1764,Silverton,/r/silverton
1765,The Dalles,/r/thedalles
1766,Tigard,/r/tigard
1767,Tualatin,/r/tualatin
1768,Pennsylvania,/r/pennsylvania
1769,Altoona,/r/altoona
1770,Beaver County,/r/BeaverCounty
1771,Bethlehem,/r/bethlehem
1772,Bloomsburg,/r/Bloomsburg
1773,Blue Mountain,/r/Bluemtn
1774,Bucks County,/r/buckscountypa
1775,Butler,/r/ButlerPA
1776,Carlisle,/r/carlisle
1777,Central Pennsylvania,/r/centralpa
1778,Chester County,/r/chestercounty
1779,Conshohocken,/r/conshohocken
1780,Delaware County,/r/delco
1781,Delaware County PA,/r/delawarecounty
1782,Dillsburg,/r/dillsburg
1783,Downingtown,/r/downingtown
1784,DuBois,/r/DuBoisPA
1785,Eastern Pennsylvania,/r/easternpa
1786,Easton,/r/Easton
1787,Edinboro,/r/Edinboro
1788,Enola,/r/enola
1789,Erie,/r/erie
1790,Gettysburg,/r/Gettysburg
1791,Greensburg,/r/greensburg
1792,Hanover,/r/hanoverpa
1793,Harrisburg,/r/harrisburg
1794,Harrisburg PA,/r/harrisburgpa
1795,Hazleton,/r/hazleton
1796,Hermitage,/r/Hermitage
1797,Hershey,/r/Hershey
1798,Honesdale,/r/honesdale
1799,Horsham,/r/Horsham
1800,Indiana County,/r/IndianaPA
1801,Johnstown,/r/johnstown
1802,King of Prussia,/r/kingofprussia
1803,Lancaster,/r/lancaster
1804,Lancaster PA,/r/LancasterPA
1805,Lansdale,/r/Lansdale
1806,Lehigh Valley,/r/lehighvalley
1807,Lehigh Valley PA,/r/lehighvalleypa
1808,Levittown,/r/levittown
1809,Lititz,/r/lititz
1810,Meadville,/r/meadville
1811,Mercer County,/r/mercercounty
1812,Montgomery County,/r/montco
1813,Mt. Lebanon,/r/lebo
1814,Mt. Lebo(non),/r/MtLebo
1815,Murrysville,/r/murrysville
1816,NewHope,/r/NewHopePA
1817,Northeast Pennsylvania (NEPA),/r/nepa
1818,Northeast Philly,/r/nephilly
1819,Northeastern Pennsylvania,/r/northeasternpa
1820,Northwest Pennsylvania(NWPA),/r/nwpa
1821,Philadelphia,/r/philadelphia
1822,Phoenixville,/r/phoenixville
1823,Pike County,/r/PikeCountyPA
1824,Pittsburgh,/r/pittsburgh
1825,Poconos Region,/r/poconos
1826,Pottsville,/r/pottsville
1827,Reading,/r/ReadingPA
1828,Scranton,/r/Scranton
1829,Shippensburg,/r/shippensburg
1830,Stroudsburg,/r/stroudsburg
1831,Towanda,/r/towanda
1832,Venango County,/r/VenangoCountyPA
1833,Washington,/r/WashingtonPA
1834,West Chester,/r/westchesterpa
1835,West Mifflin,/r/westmifflin
1836,Wexford,/r/wexford
1837,Wilkes-Barre,/r/WilkesBarre
1838,Williamsport,/r/williamsport
1839,Yardley,/r/Yardley
1840,York,/r/yorkpa
1841,York County,/r/YorkCountyPA
1842,Rhode Island,/r/rhodeisland
1843,Block Island,/r/BlockIsland
1844,Kent County,/r/kentcountyri
1845,Misquamicut,/r/misquamicut
1846,Narragansett,/r/narragansett
1847,Newport,/r/newport
1848,Pawtucket,/r/pawtucket
1849,Providence,/r/providence
1850,South Carolina,/r/southcarolina
1851,Abbeville,/r/AbbevilleSC
1852,Beaufort,/r/beaufort
1853,Charleston,/r/charleston
1854,Columbia,/r/columbiasc
1855,Daniel Island,/r/danielisland
1856,Easley,/r/easley
1857,Edgefield,/r/EdgefieldSC
1858,Florence,/r/florence
1859,Greenville,/r/greenville
1860,Greenwood,/r/greenwoodsc
1861,Greer,/r/Greer
1862,Hilton Head,/r/hiltonhead
1863,Kiawah Island,/r/kiawahisland
1864,Myrtle Beach,/r/myrtlebeach
1865,Pawleys Island,/r/pawleysisland
1866,Pickens,/r/PickensSC
1867,Spartanburg,/r/spartanburg
1868,Rockhill,/r/Rockhill
1869,Summerville,/r/summervillesc
1870,Ware Shoals,/r/wareshoals
1871,Upstate South Carolina,/r/upstatesc
1872,South Dakota,/r/southdakota
1873,Black Hills,/r/blackhills
1874,Pierre,/r/pierre
1875,Rapid City,/r/rapidcity
1876,Sioux Falls,/r/siouxfalls
1877,Tennessee,/r/tennessee
1878,Totally Tennessee,/r/totallytennessee
1879,Athens TN,/r/athenstn
1880,Bartlett,/r/bartlett
1881,Chattanooga,/r/chattanooga
1882,Clarksville,/r/clarksville
1883,Cleveland,/r/clevelandtn
1884,Collierville,/r/Collierville
1885,Cookeville,/r/cookeville
1886,Crossville,/r/crossville
1887,Crossville TN,/r/crossvilleTN
1888,Fayetteville,/r/fayettevilleTN
1889,Franklin,/r/franklintn
1890,Gatlinburg,/r/gatlinburgtn
1891,Germantown,/r/germantown
1892,Great Smoky Mountain National Park,/r/GSMNP
1893,Knoxville,/r/knoxville
1894,Manchester,/r/ManchesterTN
1895,Maryville,/r/MaryvilleTN
1896,Mcminnville,/r/McminnvilleTN
1897,Memphis,/r/memphis
1898,Middle Tennessee,/r/middletn
1899,Morristown,/r/morristowntn
1900,Murfreesboro,/r/murfreesboro
1901,Nashville,/r/nashville
1902,Savannah,/r/SavannahTN
1903,Spring Hill,/r/springhill
1904,Tri-Cities,/r/tricities
1905,West Tennessee,/r/westtn
1906,Williamson County,/r/WilliamsonCountyTN
1907,Texas,/r/texas
1908,Abilene,/r/abilenetexas
1909,Abilene (dyess),/r/dyess
1910,Allen,/r/Allen
1911,Allen TX,/r/Allentx
1912,Amarillo,/r/amarillo
1913,Aransas Pass,/r/aransaspass
1914,Arlington,/r/arlington
1915,Arlington TX,/r/arlingtontx
1916,Atascocita,/r/atascocitatx
1917,Austin,/r/Austin
1918,Austin (real),/r/realaustin
1919,Austin-San Antonio,/r/austinsanantonio
1920,Bastrop,/r/bastroptx
1921,Beaumont,/r/Beaumont
1922,Bedford,/r/bedford
1923,Bell County,/r/BellCountyTX
1924,Belton,/r/belton
1925,Benbrook,/r/benbrook
1926,Big Bend National Park,/r/BigBendTX
1927,Boca Chica,/r/bocachica
1928,Boerne,/r/boerne
1929,Brazoria County,/r/brazoriacounty
1930,Brownsville,/r/Brownsville
1931,Brownwood,/r/Brownwood_Texas
1932,Burleson,/r/burleson
1933,Carrollton,/r/CarrolltonTX
1934,Castroville,/r/castroville
1935,Cedar Creek,/r/cedarcreek
1936,Cedar Park,/r/CedarPark
1937,Clearlake,/r/clearlake
1938,College Station,/r/collegestation
1939,Collin County,/r/CollinCounty
1940,Commerce,/r/commercetx
1941,Conroe,/r/Conroe
1942,Copperas Cove,/r/copperascove
1943,Corpus (Christi),/r/corpus
1944,Corpus Christi,/r/corpuschristi
1945,Corsicana,/r/corsicanatx
1946,Cypress,/r/cypresstx
1947,Dallas,/r/dallas
1948,Deer Park,/r/deerpark
1949,Denton,/r/denton
1950,East Texas,/r/easttexas
1951,East TX,/r/easttx
1952,Edinburg,/r/edinburg
1953,El Paso,/r/elpaso
1954,Elgin,/r/ElginTx
1955,Flower Mound,/r/flowermound
1956,Forney,/r/forney
1957,Fort Bend,/r/fortbend
1958,Fort Worth,/r/fortworth
1959,Friendswood,/r/friendswood
1960,Frisco,/r/frisco
1961,Fulshear,/r/fulshear
1962,Galveston,/r/galveston
1963,Georgetown,/r/georgetowntx
1964,Granbury,/r/granbury
1965,Harlingen,/r/Harlingen
1966,Heidenheimer,/r/heidenheimer
1967,Highland Village,/r/HighlandVillage
1968,Houston,/r/houston
1969,Huntsville,/r/huntsvilletx
1970,Hurst,/r/hurst
1971,Jersey Village,/r/jerseyvillage
1972,Jollyville,/r/jollyville
1973,Katy,/r/katytx
1974,Katy TX,/r/katy_texas
1975,Keller,/r/keller
1976,Kennedale,/r/Kennedale
1977,Kingsville,/r/Kingsville
1978,Kingwood,/r/kingwood
1979,Laredo,/r/laredo
1980,"Las Cruces, NM",/r/lascruces
1981,Leander,/r/leander
1982,Lockhart,/r/lockhart
1983,Longview,/r/longviewtexas
1984,Lubbock,/r/lubbock
1985,Lubbock TX,/r/lubbocktx
1986,Marble Falls,/r/marblefalls
1987,McKinney,/r/mckinney
1988,Mesquite,/r/MesquiteTX
1989,Midland Odessa,/r/midessa
1990,Mineral Wells,/r/mineralwells
1991,Nacogdoches,/r/Nacogdoches
1992,North Texas,/r/northtexas
1993,Oak Cliff,/r/oakcliff
1994,Palestine,/r/PalestineTX
1995,Paris TX,/r/paristx
1996,Pearland,/r/Pearland
1997,Pflugerville,/r/pflugerville
1998,Plano,/r/plano
1999,Plano TX,/r/planotx
2000,Prosper,/r/prosper
2001,Richardson,/r/richardson
2002,Rio Grande Valley,/r/riograndevalley
2003,Round Rock,/r/roundrock
2004,Round Rock TX,/r/roundrocktexas
2005,Rowlett,/r/Rowlett
2006,Royse City,/r/RoyseCity
2007,San Angelo,/r/san_angelo
2008,San Antonio,/r/sanantonio
2009,San Marcos,/r/sanmarcos
2010,Sanger,/r/sanger
2011,South Texas,/r/southtexas
2012,Southeast Texas,/r/setx
2013,Southlake,/r/Southlake
2014,Spring Branch,/r/SpringBranch
2015,Stephenville,/r/stephenville
2016,Texarkana,/r/texarkana
2017,Texas Hill Country,/r/HillCountry
2018,The Colony,/r/thecolony
2019,The Woodlands,/r/thewoodlands
2020,Tyler,/r/tylertx
2021,Victoria,/r/VTown
2022,Waco,/r/waco
2023,Weatherford,/r/weatherford
2024,West Central Texas,/r/westcentraltexas
2025,West Texas,/r/westtexas
2026,Wimberley,/r/wimberley
2027,Utah,/r/utah
2028,Cedar City,/r/CedarCity
2029,Eagle Mountain,/r/eaglemountain
2030,Logan,/r/Logan
2031,Mill Creek,/r/millcreek
2032,Moab,/r/moab
2033,Northern Utah,/r/northernutah
2034,Ogden,/r/ogden
2035,Orem,/r/Orem
2036,Park City,/r/parkcity
2037,Provo,/r/provoutah
2038,Salt Lake City,/r/saltlakecity
2039,Southern Utah,/r/southernutah
2040,St. George,/r/stgeorge
2041,Tooele,/r/Tooele
2042,Utah Valley,/r/UtahValley
2043,Zion National Park,/r/ZionNationalPark
2044,Zion NP,/r/ZionNP
2045,Vermont,/r/vermont
2046,Barre,/r/barre
2047,Bellows Falls,/r/bellowsfalls
2048,Burlington,/r/burlington
2049,Burlington (BTV),/r/btv
2050,Essex,/r/essexvt
2051,Killington,/r/killington
2052,Montpelier,/r/montpelier
2053,Rutland,/r/rutlandvt
2054,South Burlington,/r/southburlington
2055,Stowe,/r/Stowe
2056,Winooski,/r/winooski
2057,Virginia,/r/virginia
2058,Alexandria,/r/Alexandria_Virginia
2059,AshlandVA,/r/AshlandVA
2060,Arlington County,/r/arlingtonva
2061,Blacksburg,/r/blacksburg
2062,Bluemont,/r/bluemont
2063,Bon Air,/r/BonAir
2064,Buchanan,/r/buchanan
2065,Charlottesville,/r/charlottesville
2066,Chesapeake,/r/chesapeake
2067,Chesapeake Bay,/r/chesapeakebay
2068,Chesterfield County,/r/ChesterfieldVA
2069,Coastal Virginia,/r/coastalvirginia
2070,Culpeper,/r/Culpeper
2071,District of Columbia/Maryland/Northern Virginia,/r/theDMV
2072,Eastern Shore VA,/r/easternshoreva
2073,Fairfax County,/r/fairfaxcounty
2074,Falls Church,/r/fallschurch
2075,Fauquier County,/r/FauquierCounty
2076,Fredericksburg,/r/fredericksburg
2077,Henrico County,/r/HenricoCounty
2078,Hampton Roads,/r/hamptonroads
2079,Harrisonburg,/r/harrisonburg
2080,Huntington,/r/HuntingtonVA
2081,Herndon,/r/herndonva
2082,Leesburg,/r/leesburg
2083,Lexington (Lexvegas),/r/lexvegasva
2084,Loudoun County,/r/LoudounSubButBetter
2085,Luray,/r/lurayva
2086,Lynchburg,/r/lynchburg
2087,James River,/r/jamesriver
2088,Manassas,/r/manassas
2089,Mechanicsville,/r/mechanicsvilleva
2090,Montclair,/r/montclairva
2091,New River Valley,/r/nrv
2092,Newport News,/r/NewportNews
2093,Northern Virginia (NOVA),/r/nova
2094,Northern Virginia (BoredInNova),/r/boredinnova
2095,Northern Virginia,/r/northernva
2096,Norfolk,/r/norfolk
2097,Powhatan County,/r/powhatan
2098,Reston,/r/reston
2099,Rappahannock County,/r/rappahannock
2100,Richmond,/r/rva
2101,Roanoke,/r/roanoke
2102,Prince William County,/r/PrinceWilliamCounty
2103,Salem,/r/salemva
2104,Shenandoah Valley,/r/shenandoah
2105,Southeast Virginia (757),/r/757
2106,Southwest Virginia,/r/swva
2107,Staunton,/r/staunton
2108,Tysons,/r/TysonsVA
2109,Virginia Beach,/r/virginiabeach
2110,Warrenton,/r/Warrenton
2111,Waynesboro,/r/waynesboro
2112,Williamsburg,/r/williamsburgva
2113,Winchester,/r/winchester
2114,Yorktown,/r/yorktown
2115,Washington,/r/washington
2116,Coastal Washington,/r/CoastalWA
2117,Anacortes,/r/Anacortes
2118,Aberdeen,/r/aberdeenwa
2119,Auburn,/r/auburnwa
2120,Bainbridge Island,/r/bainbridgeisland
2121,Bellevue WA,/r/bellevuewa
2122,Bellingham,/r/bellingham
2123,Bothell,/r/bothell
2124,Bremerton,/r/bremerton
2125,Burien,/r/burien
2126,Camas,/r/camaswashington
2127,Capitol Hill,/r/CapitolHillSea
2128,Castle Rock,/r/CastleRockWa
2129,Covington,/r/CovingtonWA
2130,Duvall,/r/Duvall
2131,Duvall WA,/r/Duvall_Washington
2132,Eastside,/r/eastside
2133,Eatonville,/r/Eatonville
2134,Everett,/r/everett
2135,Federal Way,/r/federalway
2136,Ferndale,/r/FerndaleWashington
2137,Grand Coulee,/r/grandcoulee
2138,Grays Harbor,/r/graysharbor
2139,Issaquah,/r/Issaquah
2140,Kent,/r/kentwashington
2141,Kent WA,/r/kentwa
2142,King County,/r/kingcounty
2143,Kirkland,/r/kirkland
2144,Kitsap,/r/kitsap
2145,Kittitas,/r/kittitas
2146,Lacey,/r/Lacey
2147,Langley,/r/LangleyWA
2148,Lewis County,/r/lewiscounty
2149,Longview,/r/longview
2150,Longview WA,/r/longviewwa
2151,Lynnwood,/r/lynnwood
2152,Lynnwood WA,/r/LynnwoodWA
2153,Marysville,/r/marysville
2154,Mt. Rainier,/r/rainier
2155,Mukilteo,/r/Mukilteo
2156,North Cascades National Park,/r/northcascades
2157,Ocean Shores,/r/oceanshores
2158,Olympic National Park,/r/OlympicNationalPark
2159,Olympia,/r/Olympia
2160,Olympic Peninsula,/r/olympicpeninsula
2161,Olympic_Peninsula,/r/olympic_peninsula
2162,Parkland,/r/parkland
2163,Point Roberts,/r/pointroberts
2164,Port Angeles,/r/portangeles
2165,Port Orchard,/r/portorchard
2166,Port Townsend,/r/porttownsend
2167,Poulsbo,/r/poulsbo
2168,Puyallup,/r/PuyallupWA
2169,Puget Sound,/r/pugetsound
2170,Redmond,/r/redmond
2171,Renton,/r/renton
2172,Renton WA,/r/renton_wa
2173,Sammamish,/r/sammamish
2174,San Juan Islands,/r/sanjuanislands
2175,Seattle Tacoma,/r/seatac
2176,Seattle,/r/Seattle
2177,SeattleWA,/r/SeattleWA
2178,Shelton,/r/sheltonwa
2179,Shoreline,/r/shoreline
2180,Skagit Valley,/r/skagitvalley
2181,Skagit,/r/skagit
2182,Snohomish,/r/snohomish
2183,Snohomish County,/r/SnohomishCounty
2184,Snoqualmie,/r/snoqualmie
2185,Spokane,/r/spokane
2186,Stevens Pass,/r/stevenspass
2187,Sumner,/r/Sumner
2188,Tacoma,/r/tacoma
2189,Tulalip,/r/Tulalip
2190,Tukwila,/r/tukwila
2191,Tumwater,/r/tumwater
2192,Tricities,/r/tricitieswa
2193,Vancouver,/r/vancouverwa
2194,Vancouver WA,/r/Vancouver_wa
2195,"Vancouver, Downtown",/r/downtownvancouver
2196,Vancouver Washington,/r/vancouverwashington
2197,Walla Walla,/r/wallawalla
2198,Wenatchee,/r/wenatchee
2199,Whidbey Island,/r/whidbey
2200,Woodinville,/r/woodinville
2201,Yakima,/r/yakima
2202,West Virginia,/r/westvirginia
2203,Beckley,/r/BeckleyOnReddit
2204,Charleston,/r/CharlestonWV
2205,Chesapeake &amp; Ohio Canal,/r/towpath
2206,Coalwood,/r/coalwood
2207,Eastern Panhandle,/r/easternpanhandle
2208,Elkins,/r/elkinswv
2209,Huntington,/r/HuntingtonWV
2210,Fairmont,/r/fairmontwv
2211,Martinsburg,/r/martinsburg
2212,Morgantown,/r/morgantownwv
2213,Parkersburg,/r/parkersburg
2214,Snowshoe Mountain,/r/snowshoemountain
2215,Webster County,/r/webstercounty
2216,Wheeling,/r/WheelingWV
2217,Wisconsin,/r/Wisconsin
2218,Antigo,/r/antigo
2219,Appleton,/r/appleton
2220,Bayview,/r/bayview
2221,Beloit,/r/beloitwisconsin
2222,Brillion,/r/Brillion
2223,Chequamegon Bay,/r/Chequamegon_Bay_WI
2224,Delafield,/r/Delafield
2225,Door County,/r/doorcounty
2226,Eau Claire,/r/eauclaire
2227,Eau_Claire,/r/eau_claire
2228,Fond du Lac,/r/fonddulac
2229,Fox Cities,/r/foxcities
2230,Fox Valley,/r/foxvalleywi
2231,Germantown,/r/germantownwisconsin
2232,Green Bay,/r/greenbay
2233,Hortonville,/r/hortonville
2234,Janesville,/r/Janesville
2235,Kenosha,/r/kenosha
2236,La Crosse,/r/lacrossewi
2237,Madison,/r/madisonwi
2238,Manitowoc,/r/Manitowoc
2239,Menomonee Falls,/r/menomoneefalls
2240,Mequon,/r/mequon
2241,Milwaukee,/r/Milwaukee
2242,Northern Wisconsin,/r/northernwi
2243,Oregon,/r/oregonwi
2244,Oshkosh,/r/oshkosh
2245,River Falls,/r/riverfallswi
2246,Sheboygan,/r/sheboygan
2247,Sparta,/r/SpartaWI
2248,Stevens Point,/r/stevenspoint
2249,Verona,/r/VeronaWisconsin
2250,Waukesha,/r/waukesha
2251,Waukesha WI,/r/waukeshawi
2252,Waukesha County,/r/waukeshacounty
2253,Waunakee,/r/waunakee
2254,Wausau,/r/wausau
2255,West Allis,/r/westallis
2256,West Bend,/r/westbend
2257,Wyoming,/r/Wyoming
2258,Casper,/r/casper
2259,Cheyenne,/r/cheyenne
2260,Cody,/r/Cody_WY
2261,Gillette,/r/gillette
2262,Jackson Hole,/r/jacksonhole
2263,Laramie,/r/laramie
2264,Sheridan,/r/sheridanwyoming
2265,Star Valley,/r/StarValley
2266,Yellowstone National Park,/r/yellowstone
